sentence,sentiment
1,7
2,7
3,5
4,3
5,2
6,3
7,7
8,3
9,3
10,2
11,7
12,7
13,2
14,8
15,2
16,3
17,7
18,7
19,7
20,3
21,7
22,2
23,7
24,3
25,7
26,7
27,3
28,2
29,5
30,7
31,3
32,3
33,2
34,7
35,2
36,7
37,7
38,3
39,2
40,2
41,3
42,2
43,3
44,3
45,7
46,2
47,2
48,3
49,7
50,3
51,3
52,3
53,7
54,7
55,2
56,3
57,7
58,5
59,7
60,7
61,3
62,2
63,3
64,8
65,3
66,7
67,2
68,3
69,3
70,7
71,2
72,2
73,9
74,3
75,3
76,2
77,7
78,3
79,7
80,3
81,7
82,7
83,3
84,5
85,2
86,3
87,2
88,7
89,2
90,5
91,3
92,2
93,3
94,3
95,7
96,7
97,7
98,3
99,7
100,7
101,2
102,7
103,2
104,2
105,7
106,2
107,7
108,2
109,3
110,3
111,7
112,8
113,7
114,3
115,2
116,7
117,3
118,7
119,5
120,2
121,2
122,3
123,3
124,7
125,7
126,7
127,3
128,5
129,2
130,7
131,7
132,5
133,3
134,3
135,7
136,2
137,7
138,2
139,9
140,3
141,7
142,3
143,3
144,7
145,2
146,9
147,3
148,3
149,2
150,3
151,7
152,7
153,2
154,5
155,7
156,3
157,3
158,8
159,8
160,2
161,3
162,7
163,3
164,7
165,5
166,3
167,5
168,7
169,5
170,3
171,2
172,5
173,5
174,3
175,5
176,7
177,7
178,7
179,7
180,7
181,7
182,2
183,3
184,3
185,7
186,5
187,3
188,3
189,7
190,3
191,5
192,2
193,7
194,3
195,7
196,3
197,7
198,3
199,2
200,7
201,7
202,3
203,3
204,7
205,7
206,2
207,5
208,2
209,2
210,7
211,7
212,3
213,7
214,7
215,7
216,3
217,7
218,3
219,2
220,3
221,2
222,2
223,2
224,2
225,3
226,7
227,8
228,5
229,7
230,8
231,2
232,3
233,7
234,2
235,3
236,3
237,3
238,7
239,2
240,2
241,3
242,5
243,3
244,3
245,7
246,7
247,7
248,3
249,5
250,3
251,3
252,2
253,7
254,2
255,7
256,7
257,7
258,3
259,7
260,7
261,5
262,8
263,7
264,1
265,5
266,7
267,3
268,2
269,7
270,7
271,2
272,7
273,2
274,2
275,7
276,7
277,9
278,7
279,7
280,3
281,7
282,7
283,7
284,7
285,5
286,5
287,3
288,3
289,7
290,7
291,2
292,7
293,3
294,2
295,3
296,7
297,7
298,7
299,7
300,7
301,7
302,3
303,7
304,3
305,7
306,2
307,7
308,5
309,2
310,5
311,3
312,2
313,3
314,5
315,3
316,7
317,2
318,7
319,7
320,7
321,3
322,3
323,7
324,5
325,8
326,2
327,7
328,7
329,7
330,7
331,7
332,2
333,7
334,7
335,2
336,3
337,7
338,2
339,3
340,3
341,3
342,2
343,2
344,2
345,5
346,7
347,3
348,3
349,2
350,2
351,7
352,5
353,3
354,7
355,3
356,7
357,7
358,2
359,7
360,7
361,7
362,7
363,7
364,5
365,7
366,3
367,8
368,3
369,5
370,7
371,2
372,2
373,3
374,3
375,8
376,7
377,2
378,3
379,7
380,7
381,7
382,3
383,3
384,7
385,3
386,2
387,2
388,2
389,7
390,5
391,2
392,7
393,8
394,5
395,3
396,2
397,2
398,2
399,2
400,3
401,2
402,7
403,2
404,7
405,2
406,3
407,5
408,3
409,2
410,7
411,5
412,7
413,7
414,3
415,7
416,2
417,3
418,7
419,7
420,5
421,7
422,7
423,7
424,7
425,7
426,2
427,7
428,3
429,2
430,2
431,3
432,7
433,3
434,3
435,3
436,7
437,7
438,7
439,7
440,3
441,3
442,7
443,2
444,7
445,2
446,3
447,3
448,7
449,7
450,3
451,2
452,7
453,2
454,5
455,7
456,3
457,5
458,7
459,3
460,3
461,7
462,3
463,7
464,7
465,3
466,2
467,7
468,3
469,2
470,2
471,2
472,3
473,3
474,9
475,3
476,3
477,2
478,8
479,3
480,7
481,2
482,2
483,7
484,3
485,3
486,3
487,7
488,2
489,9
490,3
491,7
492,2
493,2
494,2
495,2
496,2
497,7
498,3
499,7
500,2
501,3
502,2
503,3
504,7
505,7
506,7
507,7
508,7
509,7
510,7
511,7
512,5
513,3
514,2
515,3
516,2
517,2
518,2
519,2
520,2
521,2
522,2
523,2
524,3
525,5
526,5
527,7
528,7
529,2
530,7
531,7
532,2
533,2
534,3
535,3
536,3
537,7
538,3
539,7
540,5
541,3
542,7
543,7
544,7
545,2
546,3
547,7
548,1
549,7
550,7
551,3
552,7
553,7
554,3
555,3
556,5
557,5
558,2
559,2
560,2
561,2
562,2
563,7
564,2
565,2
566,2
567,3
568,7
569,2
570,2
571,3
572,7
573,7
574,5
575,7
576,3
577,2
578,2
579,2
580,7
581,7
582,7
583,9
584,2
585,2
586,3
587,7
588,7
589,7
590,2
591,7
592,7
593,7
594,7
595,2
596,5
597,2
598,3
599,2
600,7
601,2
602,3
603,2
604,3
605,7
606,3
607,2
608,7
609,5
610,7
611,2
612,3
613,7
614,7
615,5
616,2
617,7
618,7
619,3
620,5
621,7
622,3
623,2
624,2
625,2
626,7
627,8
628,2
629,7
630,7
631,2
632,7
633,8
634,7
635,3
636,5
637,7
638,2
639,3
640,3
641,2
642,2
643,5
644,7
645,7
646,3
647,2
648,7
649,2
650,7
651,7
652,35
653,2
654,2
655,3
656,3
657,3
658,7
659,3
660,5
661,7
662,3
663,3
664,2
665,3
666,8
667,2
668,3
669,7
670,7
671,5
672,7
673,7
674,3
675,3
676,2
677,7
678,7
679,3
680,3
681,7
682,3
683,3
684,3
685,7
686,7
687,3
688,3
689,2
690,7
691,7
692,7
693,2
694,3
695,2
696,2
697,2
698,2
699,7
700,2
701,3
702,2
703,2
704,7
705,3
706,5
707,3
708,7
709,7
710,3
711,7
712,7
713,7
714,7
715,3
716,3
717,3
718,9
719,3
720,2
721,3
722,2
723,3
724,3
725,3
726,7
727,3
728,2
729,3
730,3
731,3
732,2
733,7
734,3
735,2
736,3
737,3
738,3
739,7
740,3
741,2
742,2
743,2
744,3
745,7
746,3
747,3
748,2
749,7
750,3
751,2
752,7
753,3
754,3
755,2
756,3
757,3
758,7
759,2
760,3
761,7
762,3
763,3
764,2
765,2
766,7
767,7
768,2
769,3
770,3
771,2
772,2
773,2
774,3
775,2
776,3
777,2
778,2
779,2
780,3
781,2
782,3
783,2
784,5
785,7
786,3
787,7
788,3
789,2
790,2
791,2
792,2
793,2
794,7
795,5
796,1
797,3
798,5
799,2
800,3
801,7
802,7
803,5
804,2
805,7
806,7
807,3
808,7
809,2
810,3
811,7
812,7
813,7
814,5
815,8
816,3
817,2
818,3
819,3
820,3
821,8
822,7
823,3
824,3
825,7
826,3
827,7
828,7
829,5
830,2
831,3
832,2
833,3
834,2
835,3
836,7
837,7
838,7
839,2
840,7
841,2
842,3
843,2
844,7
845,
846,3
847,2
848,2
849,2
850,9
851,2
852,7
853,2
854,2
855,2
856,2
857,3
858,2
859,2
860,7
861,3
862,3
863,2
864,5
865,3
866,3
867,2
868,3
869,3
870,3
871,2
872,3
873,7
874,7
875,7
876,2
877,3
878,3
879,7
880,2
881,2
882,7
883,7
884,7
885,2
886,3
887,2
888,2
889,3
890,2
891,2
892,2
893,7
894,7
895,7
896,3
897,7
898,7
899,3
900,7
901,3
902,3
903,3
904,5
905,2
906,7
907,7
908,7
909,7
910,2
911,7
912,2
913,7
914,7
915,2
916,2
917,2
918,9
919,7
920,2
921,5
922,2
923,3
924,7
925,7
926,7
927,3
928,5
929,3
930,3
931,3
932,7
933,5
934,7
935,3
936,7
937,2
938,2
939,3
940,7
941,7
942,5
943,5
944,7
945,3
946,5
947,3
948,7
949,7
950,7
951,7
952,2
953,7
954,3
955,2
956,3
957,2
958,7
959,7
960,7
961,3
962,2
963,2
964,2
965,2
966,2
967,3
968,2
969,2
970,7
971,3
972,3
973,5
974,3
975,2
976,2
977,2
978,2
979,3
980,3
981,3
982,7
983,3
984,5
985,3
986,5
987,2
988,3
989,7
990,7
991,7
992,2
993,7
994,7
995,7
996,3
997,7
998,7
999,7
1000,7
1001,3
1002,9
1003,9
1004,3
1005,7
1006,7
1007,7
1008,2
1009,7
1010,5
1011,2
1012,3
1013,3
1014,7
1015,7
1016,7
1017,7
1018,2
1019,7
1020,2
1021,7
1022,3
1023,2
1024,2
1025,5
1026,2
1027,2
1028,2
1029,2
1030,7
1031,2
1032,7
1033,2
1034,1
1035,2
1036,5
1037,2
1038,1
1039,3
1040,7
1041,8
1042,2
1043,7
1044,7
1045,2
1046,7
1047,2
1048,2
1049,2
1050,2
1051,7
1052,7
1053,3
1054,3
1055,2
1056,3
1057,2
1058,3
1059,2
1060,7
1061,7
1062,2
1063,7
1064,7
1065,7
1066,7
1067,3
1068,3
1069,3
1070,2
1071,3
1072,2
1073,2
1074,3
1075,3
1076,3
1077,2
1078,7
1079,7
1080,2
1081,2
1082,7
1083,7
1084,7
1085,3
1086,7
1087,3
1088,3
1089,3
1090,7
1091,7
1092,3
1093,3
1094,3
1095,2
1096,3
1097,2
1098,7
1099,2
1100,3
1101,2
1102,2
1103,3
1104,7
1105,7
1106,7
1107,7
1108,3
1109,7
1110,5
1111,5
1112,7
1113,2
1114,2
1115,2
1116,2
1117,3
1118,2
1119,3
1120,7
1121,7
1122,7
1123,7
1124,3
1125,3
1126,2
1127,3
1128,7
1129,2
1130,3
1131,7
1132,3
1133,3
1134,3
1135,3
1136,2
1137,2
1138,7
1139,2
1140,3
1141,7
1142,7
1143,3
1144,9
1145,2
1146,7
1147,2
1148,2
1149,3
1150,2
1151,7
1152,7
1153,7
1154,3
1155,7
1156,3
1157,2
1158,7
1159,7
1160,7
1161,2
1162,7
1163,5
1164,5
1165,2
1166,3
1167,3
1168,3
1169,7
1170,7
1171,2
1172,5
1173,9
1174,9
1175,7
1176,2
1177,7
1178,5
1179,7
1180,2
1181,3
1182,7
1183,7
1184,7
1185,2
1186,5
1187,1
1188,3
1189,7
1190,2
1191,2
1192,3
1193,2
1194,2
1195,7
1196,5
1197,7
1198,3
1199,3
1200,2
1201,5
1202,2
1203,2
1204,2
1205,2
1206,7
1207,2
1208,7
1209,3
1210,7
1211,2
1212,7
1213,3
1214,2
1215,8
1216,2
1217,2
1218,8
1219,3
1220,3
1221,2
1222,5
1223,2
1224,7
1225,3
1226,2
1227,5
1228,3
1229,7
1230,7
1231,7
1232,3
1233,7
1234,5
1235,5
1236,7
1237,3
1238,2
1239,2
1240,7
1241,2
1242,7
1243,7
1244,7
1245,5
1246,7
1247,7
1248,3
1249,7
1250,3
1251,3
1252,7
1253,3
1254,3
1255,3
1256,7
1257,3
1258,7
1259,3
1260,2
1261,3
1262,7
1263,7
1264,5
1265,7
1266,7
1267,7
1268,2
1269,7
1270,2
1271,7
1272,9
1273,7
1274,2
1275,7
1276,3
1277,7
1278,2
1279,2
1280,2
1281,2
1282,5
1283,3
1284,7
1285,2
1286,2
1287,2
1288,7
1289,3
1290,7
1291,3
1292,2
1293,3
1294,3
1295,7
1296,3
1297,7
1298,7
1299,7
1300,7
1301,7
1302,2
1303,7
1304,1
1305,7
1306,2
1307,2
1308,2
1309,2
1310,2
1311,7
1312,7
1313,2
1314,5
1315,7
1316,2
1317,2
1318,7
1319,8
1320,7
1321,5
1322,3
1323,2
1324,7
1325,7
1326,7
1327,7
1328,3
1329,5
1330,3
1331,7
1332,3
1333,7
1334,8
1335,2
1336,3
1337,7
1338,2
1339,8
1340,2
1341,9
1342,8
1343,7
1344,7
1345,7
1346,5
1347,2
1348,3
1349,2
1350,7
1351,7
1352,7
1353,5
1354,2
1355,2
1356,2
1357,7
1358,2
1359,7
1360,3
1361,7
1362,7
1363,7
1364,3
1365,7
1366,7
1367,2
1368,3
1369,5
1370,7
1371,7
1372,7
1373,7
1374,3
1375,7
1376,2
1377,3
1378,7
1379,2
1380,2
1381,3
1382,3
1383,2
1384,5
1385,2
1386,7
1387,7
1388,7
1389,7
1390,2
1391,7
1392,2
1393,5
1394,8
1395,7
1396,3
1397,7
1398,7
1399,3
1400,9
1401,7
1402,7
1403,7
1404,9
1405,7
1406,9
1407,2
1408,3
1409,7
1410,5
1411,7
1412,3
1413,2
1414,7
1415,3
1416,3
1417,7
1418,7
1419,3
1420,7
1421,2
1422,2
1423,3
1424,5
1425,2
1426,7
1427,2
1428,7
1429,2
1430,7
1431,7
1432,7
1433,7
1434,5
1435,7
1436,2
1437,7
1438,7
1439,2
1440,7
1441,5
1442,3
1443,7
1444,7
1445,3
1446,2
1447,2
1448,3
1449,2
1450,2
1451,3
1452,7
1453,5
1454,7
1455,7
1456,2
1457,5
1458,7
1459,7
1460,5
1461,7
1462,7
1463,3
1464,5
1465,3
1466,2
1467,7
1468,7
1469,7
1470,7
1471,7
1472,5
1473,7
1474,3
1475,7
1476,5
1477,9
1478,9
1479,7
1480,5
1481,7
1482,7
1483,5
1484,7
1485,3
1486,2
1487,7
1488,5
1489,7
1490,8
1491,7
1492,8
1493,3
1494,7
1495,7
1496,7
1497,7
1498,7
1499,9
1500,9
1501,7
1502,8
1503,7
1504,7
1505,7
1506,7
1507,5
1508,3
1509,3
1510,3
1511,2
1512,5
1513,3
1514,5
1515,2
1516,3
1517,2
1518,7
1519,7
1520,7
1521,2
1522,2
1523,7
1524,2
1525,7
1526,7
1527,2
1528,3
1529,7
1530,7
1531,7
1532,2
1533,7
1534,3
1535,2
1536,3
1537,7
1538,3
1539,7
1540,7
1541,7
1542,2
1543,7
1544,2
1545,2
1546,2
1547,7
1548,2
1549,7
1550,8
1551,3
1552,5
1553,7
1554,7
1555,7
1556,1
1557,2
1558,7
1559,2
1560,2
1561,3
1562,3
1563,2
1564,7
1565,3
1566,5
1567,2
1568,7
1569,7
1570,5
1571,2
1572,5
1573,3
1574,3
1575,7
1576,7
1577,2
1578,3
1579,7
1580,3
1581,2
1582,5
1583,7
1584,3
1585,2
1586,3
1587,2
1588,2
1589,2
1590,3
1591,7
1592,7
1593,2
1594,7
1595,7
1596,2
1597,5
1598,2
1599,7
1600,9
1601,7
1602,2
1603,7
1604,2
1605,3
1606,2
1607,7
1608,2
1609,7
1610,7
1611,7
1612,2
1613,2
1614,2
1615,3
1616,2
1617,3
1618,2
1619,2
1620,2
1621,3
1622,2
1623,3
1624,3
1625,3
1626,3
1627,3
1628,3
1629,7
1630,7
1631,7
1632,7
1633,3
1634,7
1635,7
1636,7
1637,2
1638,3
1639,7
1640,7
1641,5
1642,2
1643,7
1644,7
1645,3
1646,7
1647,2
1648,3
1649,7
1650,2
1651,2
1652,2
1653,5
1654,2
1655,2
1656,7
1657,7
1658,7
1659,7
1660,7
1661,2
1662,7
1663,2
1664,7
1665,7
1666,2
1667,7
1668,3
1669,3
1670,2
1671,2
1672,7
1673,2
1674,2
1675,2
1676,7
1677,5
1678,3
1679,7
1680,2
1681,7
1682,3
1683,7
1684,3
1685,2
1686,7
1687,8
1688,7
1689,7
1690,2
1691,2
1692,3
1693,7
1694,7
1695,2
1696,2
1697,2
1698,5
1699,2
1700,7
1701,3
1702,7
1703,3
1704,2
1705,7
1706,7
1707,3
1708,7
1709,5
1710,2
1711,7
1712,7
1713,3
1714,8
1715,5
1716,7
1717,3
1718,2
1719,2
1720,2
1721,3
1722,5
1723,7
1724,7
1725,7
1726,2
1727,2
1728,3
1729,2
1730,3
1731,2
1732,2
1733,8
1734,2
1735,7
1736,2
1737,2
1738,7
1739,7
1740,7
1741,7
1742,2
1743,5
1744,7
1745,7
1746,5
1747,2
1748,2
1749,10
1750,7
1751,5
1752,2
1753,2
1754,7
1755,3
1756,5
1757,3
1758,2
1759,5
1760,2
1761,7
1762,5
1763,7
1764,3
1765,2
1766,5
1767,7
1768,8
1769,8
1770,8
1771,5
1772,2
1773,3
1774,7
1775,7
1776,7
1777,3
1778,7
1779,2
1780,7
1781,5
1782,7
1783,2
1784,2
1785,5
1786,5
1787,5
1788,7
1789,5
1790,7
1791,7
1792,7
1793,7
1794,7
1795,7
1796,7
1797,3
1798,7
1799,2
1800,7
1801,5
1802,2
1803,2
1804,2
1805,2
1806,7
1807,5
1808,7
1809,7
1810,2
1811,7
1812,7
1813,3
1814,7
1815,2
1816,7
1817,7
1818,7
1819,1
1820,9
1821,7
1822,7
1823,7
1824,3
1825,7
1826,2
1827,7
1828,8
1829,7
1830,7
1831,7
1832,3
1833,7
1834,2
1835,2
1836,2
1837,2
1838,7
1839,7
1840,2
1841,3
1842,2
1843,3
1844,3
1845,3
1846,7
1847,3
1848,2
1849,2
1850,5
1851,7
1852,2
1853,5
1854,3
1855,7
1856,2
1857,2
1858,7
1859,7
1860,3
1861,7
1862,8
1863,5
1864,3
1865,7
1866,2
1867,7
1868,7
1869,2
1870,2
1871,8
1872,3
1873,7
1874,7
1875,7
1876,7
1877,5
1878,7
1879,5
1880,3
1881,2
1882,7
1883,2
1884,8
1885,9
1886,5
1887,7
1888,3
1889,7
1890,1
1891,2
1892,7
1893,8
1894,1
1895,7
1896,2
1897,3
1898,7
1899,7
1900,2
1901,7
1902,2
1903,5
1904,5
1905,5
1906,5
1907,10
1908,7
1909,7
1910,5
1911,3
1912,7
1913,7
1914,2
1915,2
1916,7
1917,9
1918,7
1919,7
1920,7
1921,3
1922,3
1923,2
1924,3
1925,3
1926,7
1927,2
1928,3
1929,7
1930,7
1931,7
1932,7
1933,2
1934,1
1935,2
1936,5
1937,2
1938,7
1939,2
1940,2
1941,2
1942,2
1943,7
1944,3
1945,7
1946,7
1947,2
1948,2
1949,3
1950,7
1951,2
1952,7
1953,9
1954,1
1955,3
1956,3
1957,3
1958,2
1959,3
1960,7
1961,7
1962,3
1963,2
1964,8
1965,2
1966,2
1967,7
1968,7
1969,7
1970,8
1971,7
1972,2
1973,3
1974,2
1975,2
1976,2
1977,7
1978,7
1979,2
1980,7
1981,7
1982,5
1983,5
1984,3
1985,7
1986,3
1987,2
1988,7
1989,7
1990,8
1991,7
1992,2
1993,3
1994,5
1995,3
1996,2
1997,3
1998,3
1999,7
2000,7
2001,2
2002,2
2003,7
2004,7
2005,3
2006,7
2007,7
2008,7
2009,3
2010,8
2011,8
2012,7
2013,8
2014,3
2015,7
2016,3
2017,2
2018,3
2019,7
2020,3
2021,8
2022,2
2023,3
2024,7
2025,7
2026,3
2027,5
2028,7
2029,3
2030,7
2031,3
2032,2
2033,5
2034,3
2035,7
2036,3
2037,7
2038,2
2039,7
2040,2
2041,5
2042,3
2043,3
2044,3
2045,3
2046,7
2047,7
2048,3
2049,7
2050,3
2051,5
2052,7
2053,3
2054,8
2055,3
2056,7
2057,7
2058,7
2059,2
2060,2
2061,7
2062,2
2063,2
2064,2
2065,2
2066,3
2067,2
2068,2
2069,2
2070,7
2071,3
2072,2
2073,9
2074,7
2075,9
2076,7
2077,5
2078,5
2079,9
2080,7
2081,7
2082,2
2083,7
2084,9
2085,3
2086,2
2087,3
2088,5
2089,2
2090,7
2091,2
2092,2
2093,2
2094,5
2095,2
2096,3
2097,2
2098,2
2099,2
2100,3
2101,7
2102,2
2103,3
2104,7
2105,3
2106,2
2107,7
2108,2
2109,2
2110,7
2111,2
2112,3
2113,2
2114,7
2115,2
2116,7
2117,2
2118,8
2119,2
2120,7
2121,7
2122,7
2123,7
2124,7
2125,3
2126,7
2127,9
2128,7
2129,5
2130,7
2131,7
2132,2
2133,7
2134,2
2135,3
2136,2
2137,3
2138,7
2139,7
2140,3
2141,7
2142,2
2143,7
2144,7
2145,7
2146,7
2147,3
2148,5
2149,3
2150,8
2151,3
2152,7
2153,7
2154,8
2155,5
2156,5
2157,7
2158,3
2159,1
2160,7
2161,2
2162,2
2163,7
2164,2
2165,7
2166,3
2167,7
2168,3
2169,7
2170,2
2171,7
2172,3
2173,7
2174,3
2175,7
2176,2
2177,7
2178,7
2179,3
2180,7
2181,9
2182,2
2183,7
2184,7
2185,7
2186,5
2187,1
2188,7
2189,7
2190,7
2191,9
2192,7
2193,2
2194,3
2195,7
2196,7
2197,3
2198,3
2199,2
2200,2
2201,7
2202,3
2203,3
2204,2
2205,7
2206,7
2207,5
2208,7
2209,7
2210,7
2211,2
2212,7
2213,3
2214,8
2215,8
2216,3
2217,7
2218,3
2219,5
2220,7
2221,2
2222,2
2223,5
2224,8
2225,3
2226,3
2227,2
2228,3
2229,2
2230,5
2231,7
2232,5
2233,2
2234,1
2235,2
2236,7
2237,3
2238,5
2239,2
2240,7
2241,7
2242,3
2243,7
2244,3
2245,7
2246,7
2247,5
2248,8
2249,2
2250,7
2251,1
2252,7
2253,2
2254,7
2255,5
2256,3
2257,2
2258,7
2259,3
2260,2
2261,8
2262,2
2263,3
2264,2
2265,3
2266,2
2267,2
2268,3
2269,7
2270,5
2271,7
2272,5
2273,5
2274,2
2275,7
2276,2
2277,7
2278,2
2279,7
2280,7
2281,7
2282,2
2283,2
2284,8
2285,7
2286,7
2287,7
2288,7
2289,7
2290,7
2291,7
2292,3
2293,7
2294,2
2295,7
2296,8
2297,2
2298,2
2299,2
2300,2
2301,7
2302,7
2303,7
2304,7
2305,3
2306,7
2307,3
2308,7
2309,2
2310,2
2311,7
2312,5
2313,2
2314,7
2315,7
2316,7
2317,7
2318,7
2319,5
2320,7
2321,7
2322,5
2323,7
2324,3
2325,7
2326,7
2327,7
2328,7
2329,2
2330,3
2331,7
2332,2
2333,7
2334,2
2335,8
2336,2
2337,8
2338,3
2339,9
2340,2
2341,2
2342,3
2343,3
2344,2
2345,3
2346,7
2347,7
2348,3
2349,7
2350,7
2351,3
2352,2
2353,7
2354,5
2355,3
2356,7
2357,3
2358,2
2359,7
2360,7
2361,7
2362,7
2363,5
2364,7
2365,2
2366,7
2367,2
2368,2
2369,7
2370,7
2371,3
2372,2
2373,7
2374,7
2375,7
2376,3
2377,5
2378,5
2379,7
2380,3
2381,2
2382,7
2383,7
2384,3
2385,7
2386,2
2387,2
2388,7
2389,9
2390,2
2391,7
2392,7
2393,7
2394,7
2395,3
2396,3
2397,7
2398,7
2399,7
2400,3
2401,7
2402,3
2403,7
2404,2
2405,2
2406,5
2407,7
2408,3
2409,3
2410,7
2411,3
2412,3
2413,3
2414,7
2415,5
2416,5
2417,2
2418,3
2419,7
2420,7
2421,7
2422,7
2423,5
2424,9
2425,2
2426,5
2427,2
2428,2
2429,2
2430,7
2431,7
2432,7
2433,5
2434,3
2435,3
2436,5
2437,2
2438,2
2439,3
2440,2
2441,7
2442,2
2443,3
2444,2
2445,7
2446,5
2447,7
2448,2
2449,3
2450,2
2451,7
2452,8
2453,5
2454,5
2455,8
2456,7
2457,7
2458,3
2459,7
2460,9
2461,7
2462,7
2463,5
2464,2
2465,3
2466,2
2467,7
2468,9
2469,5
2470,1
2471,1
2472,2
2473,7
2474,7
2475,5
2476,5
2477,2
2478,2
2479,7
2480,2
2481,7
2482,2
2483,2
2484,5
2485,7
2486,2
2487,7
2488,2
2489,5
2490,2
2491,7
2492,5
2493,7
2494,7
2495,7
2496,2
2497,3
2498,3
2499,7
2500,5
2501,2
2502,7
2503,2
2504,5
2505,9
2506,3
2507,3
2508,2
2509,7
2510,7
2511,7
2512,3
2513,2
2514,3
2515,3
2516,2
2517,7
2518,7
2519,2
2520,5
2521,2
2522,7
2523,2
2524,7
2525,7
2526,7
2527,7
2528,2
2529,7
2530,2
2531,7
2532,7
2533,7
2534,2
2535,3
2536,3
2537,5
2538,2
2539,2
2540,9
2541,3
2542,7
2543,7
2544,3
2545,3
2546,7
2547,2
2548,7
2549,5
2550,7
2551,2
2552,2
2553,7
2554,3
2555,7
2556,8
2557,3
2558,7
2559,7
2560,2
2561,2
2562,7
2563,2
2564,7
2565,3
2566,2
2567,7
2568,2
2569,7
2570,7
2571,7
2572,2
2573,7
2574,7
2575,7
2576,3
2577,5
2578,7
2579,3
2580,7
2581,5
2582,3
2583,2
2584,2
2585,2
2586,3
2587,2
2588,7
2589,3
2590,5
2591,7
2592,7
2593,2
2594,7
2595,3
2596,8
2597,3
2598,7
2599,7
2600,7
2601,3
2602,7
2603,7
2604,3
2605,2
2606,7
2607,7
2608,7
2609,7
2610,7
2611,3
2612,7
2613,7
2614,7
2615,2
2616,8
2617,2
2618,5
2619,2
2620,2
2621,7
2622,2
2623,7
2624,3
2625,7
2626,9
2627,5
2628,8
2629,7
2630,3
2631,2
2632,2
2633,2
2634,3
2635,2
2636,7
2637,2
2638,7
2639,7
2640,2
2641,8
2642,3
2643,2
2644,8
2645,10
2646,7
2647,7
2648,5
2649,2
2650,2
2651,5
2652,7
2653,7
2654,7
2655,2
2656,7
2657,5
2658,7
2659,9
2660,2
2661,7
2662,9
2663,7
2664,7
2665,7
2666,3
2667,2
2668,7
2669,3
2670,2
2671,2
2672,7
2673,7
2674,3
2675,7
2676,2
2677,3
2678,2
2679,5
2680,7
2681,2
2682,2
2683,5
2684,2
2685,7
2686,8
2687,7
2688,7
2689,7
2690,3
2691,7
2692,3
2693,7
2694,5
2695,7
2696,7
2697,7
2698,3
2699,3
2700,3
2701,7
2702,2
2703,3
2704,7
2705,7
2706,7
2707,3
2708,7
2709,2
2710,7
2711,7
2712,9
2713,7
2714,3
2715,9
2716,7
2717,7
2718,3
2719,7
2720,3
2721,7
2722,7
2723,2
2724,2
2725,7
2726,7
2727,3
2728,7
2729,7
2730,7
2731,2
2732,7
2733,7
2734,7
2735,7
2736,3
2737,3
2738,3
2739,7
2740,7
2741,3
2742,2
2743,5
2744,2
2745,5
2746,7
2747,7
2748,5
2749,2
2750,2
2751,2
2752,7
2753,3
2754,7
2755,2
2756,2
2757,2
2758,7
2759,2
2760,7
2761,7
2762,7
2763,7
2764,7
2765,7
2766,7
2767,2
2768,7
2769,3
2770,7
2771,2
2772,7
2773,3
2774,2
2775,7
2776,8
2777,7
2778,7
2779,2
2780,3
2781,7
2782,7
2783,3
2784,3
2785,2
2786,8
2787,7
2788,2
2789,3
2790,2
2791,3
2792,7
2793,2
2794,7
2795,2
2796,7
2797,7
2798,7
2799,3
2800,8
2801,3
2802,2
2803,3
2804,7
2805,3
2806,2
2807,3
2808,8
2809,7
2810,7
2811,3
2812,3
2813,7
2814,7
2815,9
2816,2
2817,7
2818,7
2819,5
2820,5
2821,2
2822,2
2823,2
2824,7
2825,8
2826,2
2827,75
2828,2
2829,7
2830,7
2831,2
2832,2
2833,2
2834,2
2835,5
2836,2
2837,3
2838,2
2839,2
2840,8
2841,3
2842,2
2843,2
2844,3
2845,2
2846,7
2847,3
2848,2
2849,7
2850,2
2851,7
2852,2
2853,7
2854,3
2855,2
2856,3
2857,2
2858,3
2859,5
2860,2
2861,3
2862,5
2863,2
2864,2
2865,7
2866,3
2867,2
2868,2
2869,3
2870,3
2871,3
2872,2
2873,7
2874,7
2875,7
2876,2
2877,5
2878,5
2879,5
2880,2
2881,3
2882,7
2883,7
2884,7
2885,7
2886,3
2887,7
2888,7
2889,9
2890,3
2891,5
2892,7
2893,5
2894,7
2895,7
2896,7
2897,7
2898,2
2899,5
2900,7
2901,3
2902,8
2903,3
2904,3
2905,8
2906,7
2907,7
2908,3
2909,7
2910,7
2911,7
2912,8
2913,2
2914,2
2915,2
2916,5
2917,7
2918,5
2919,3
2920,8
2921,3
2922,3
2923,2
2924,7
2925,8
2926,5
2927,8
2928,8
2929,5
2930,2
2931,7
2932,3
2933,7
2934,7
2935,7
2936,3
2937,2
2938,7
2939,7
2940,9
2941,2
2942,2
2943,7
2944,3
2945,7
2946,7
2947,7
2948,7
2949,2
2950,7
2951,2
2952,2
2953,2
2954,5
2955,7
2956,7
2957,3
2958,5
2959,7
2960,7
2961,7
2962,7
2963,7
2964,8
2965,7
2966,3
2967,7
2968,2
2969,2
2970,5
2971,2
2972,5
2973,2
2974,5
2975,7
2976,3
2977,7
2978,3
2979,3
2980,7
2981,7
2982,7
2983,3
2984,7
2985,7
2986,7
2987,8
2988,9
2989,7
2990,7
2991,3
2992,2
2993,2
2994,3
2995,7
2996,7
2997,7
2998,7
2999,7
3000,7
3001,7
3002,7
3003,7
3004,7
3005,2
3006,2
3007,2
3008,2
3009,7
3010,7
3011,3
3012,7
3013,2
3014,7
3015,3
3016,7
3017,8
3018,7
3019,7
3020,7
3021,7
3022,3
3023,7
3024,7
3025,2
3026,5
3027,2
3028,7
3029,8
3030,8
3031,5
3032,7
3033,7
3034,2
3035,3
3036,3
3037,7
3038,2
3039,2
3040,2
3041,3
3042,7
3043,2
3044,2
3045,1
3046,3
3047,7
3048,3
3049,8
3050,7
3051,7
3052,7
3053,2
3054,2
3055,2
3056,3
3057,7
3058,7
3059,9
3060,7
3061,7
3062,7
3063,7
3064,2
3065,3
3066,9
3067,7
3068,5
3069,7
3070,7
3071,3
3072,7
3073,2
3074,7
3075,5
3076,7
3077,7
3078,7
3079,7
3080,7
3081,7
3082,2
3083,7
3084,7
3085,2
3086,7
3087,7
3088,7
3089,3
3090,2
3091,7
3092,7
3093,7
3094,5
3095,7
3096,3
3097,3
3098,3
3099,3
3100,8
3101,3
3102,7
3103,5
3104,7
3105,9
3106,8
3107,7
3108,3
3109,7
3110,7
3111,7
3112,7
3113,5
3114,7
3115,3
3116,7
3117,5
3118,7
3119,3
3120,5
3121,2
3122,7
3123,3
3124,7
3125,3
3126,3
3127,2
3128,7
3129,7
3130,3
3131,3
3132,2
3133,3
3134,3
3135,2
3136,2
3137,2
3138,7
3139,7
3140,3
3141,7
3142,7
3143,7
3144,2
3145,3
3146,2
3147,7
3148,2
3149,3
3150,3
3151,3
3152,2
3153,7
3154,7
3155,3
3156,7
3157,7
3158,2
3159,2
3160,7
3161,7
3162,5
3163,7
3164,7
3165,7
3166,7
3167,7
3168,3
3169,5
3170,3
3171,5
3172,7
3173,7
3174,7
3175,7
3176,7
3177,2
3178,7
3179,5
3180,8
3181,7
3182,9
3183,8
3184,7
3185,7
3186,3
3187,7
3188,2
3189,3
3190,7
3191,7
3192,5
3193,7
3194,7
3195,7
3196,5
3197,5
3198,3
3199,3
3200,7
3201,5
3202,5
3203,3
3204,7
3205,3
3206,7
3207,3
3208,7
3209,7
3210,7
3211,7
3212,3
3213,7
3214,5
3215,5
3216,3
3217,9
3218,2
3219,7
3220,7
3221,5
3222,2
3223,2
3224,3
3225,9
3226,7
3227,7
3228,5
3229,3
3230,3
3231,2
3232,8
3233,3
3234,8
3235,7
3236,5
3237,3
3238,7
3239,5
3240,2
3241,5
3242,3
3243,3
3244,2
3245,2
3246,7
3247,3
3248,7
3249,2
3250,2
3251,3
3252,8
3253,2
3254,3
3255,7
3256,3
3257,2
3258,7
3259,2
3260,3
3261,2
3262,2
3263,2
3264,2
3265,2
3266,3
3267,3
3268,3
3269,7
3270,2
3271,2
3272,7
3273,5
3274,7
3275,3
3276,2
3277,8
3278,2
3279,3
3280,3
3281,7
3282,7
3283,7
3284,5
3285,7
3286,5
3287,8
3288,5
3289,3
3290,2
3291,9
3292,7
3293,7
3294,9
3295,8
3296,2
3297,2
3298,9
3299,7
3300,7
3301,7
3302,7
3303,7
3304,2
3305,3
3306,3
3307,2
3308,2
3309,2
3310,2
3311,7
3312,2
3313,7
3314,3
3315,3
3316,7
3317,3
3318,7
3319,2
3320,2
3321,7
3322,7
3323,2
3324,7
3325,3
3326,3
3327,3
3328,3
3329,7
3330,7
3331,3
3332,7
3333,7
3334,7
3335,3
3336,5
3337,7
3338,2
3339,2
3340,8
3341,3
3342,2
3343,7
3344,7
3345,7
3346,3
3347,7
3348,7
3349,3
3350,7
3351,7
3352,8
3353,8
3354,3
3355,3
3356,2
3357,2
3358,8
3359,3
3360,7
3361,7
3362,3
3363,7
3364,1
3365,7
3366,7
3367,3
3368,2
3369,2
3370,3
3371,3
3372,7
3373,2
3374,7
3375,2
3376,3
3377,3
3378,7
3379,3
3380,7
3381,3
3382,2
3383,2
3384,3
3385,2
3386,3
3387,5
3388,2
3389,3
3390,7
3391,5
3392,2
3393,7
3394,7
3395,3
3396,3
3397,8
3398,3
3399,3
3400,7
3401,7
3402,7
3403,7
3404,2
3405,7
3406,2
3407,7
3408,2
3409,7
3410,7
3411,2
3412,2
3413,5
3414,7
3415,7
3416,3
3417,2
3418,2
3419,2
3420,7
3421,7
3422,8
3423,9
3424,2
3425,7
3426,7
3427,3
3428,2
3429,8
3430,3
3431,2
3432,7
3433,3
3434,7
3435,3
3436,5
3437,7
3438,5
3439,3
3440,2
3441,5
3442,2
3443,7
3444,2
3445,5
3446,2
3447,2
3448,2
3449,9
3450,3
3451,3
3452,5
3453,3
3454,7
3455,7
3456,7
3457,5
3458,2
3459,7
3460,3
3461,7
3462,2
3463,3
3464,7
3465,7
3466,2
3467,3
3468,7
3469,7
3470,7
3471,3
3472,7
3473,8
3474,3
3475,7
3476,7
3477,7
3478,7
3479,2
3480,2
3481,5
3482,7
3483,5
3484,7
3485,3
3486,7
3487,7
3488,2
3489,2
3490,5
3491,2
3492,2
3493,2
3494,2
3495,5
3496,2
3497,2
3498,2
3499,7
3500,2
3501,7
3502,2
3503,3
3504,2
3505,7
3506,2
3507,7
3508,7
3509,9
3510,2
3511,7
3512,7
3513,2
3514,2
3515,5
3516,2
3517,7
3518,3
3519,3
3520,7
3521,3
3522,7
3523,7
3524,7
3525,8
3526,8
3527,7
3528,7
3529,7
3530,7
3531,2
3532,7
3533,2
3534,7
3535,7
3536,7
3537,3
3538,7
3539,7
3540,3
3541,2
3542,2
3543,10
3544,7
3545,7
3546,1
3547,2
3548,3
3549,7
3550,2
3551,7
3552,2
3553,7
3554,2
3555,3
3556,2
3557,2
3558,2
3559,3
3560,7
3561,7
3562,5
3563,7
3564,2
3565,3
3566,2
3567,7
3568,3
3569,5
3570,5
3571,3
3572,7
3573,9
3574,7
3575,3
3576,3
3577,2
3578,7
3579,7
3580,7
3581,2
3582,9
3583,10
3584,7
3585,8
3586,2
3587,7
3588,2
3589,7
3590,7
3591,5
3592,7
3593,2
3594,2
3595,7
3596,7
3597,7
3598,7
3599,2
3600,2
3601,2
3602,2
3603,7
3604,3
3605,7
3606,2
3607,7
3608,7
3609,7
3610,2
3611,7
3612,7
3613,7
3614,7
3615,3
3616,2
3617,2
3618,3
3619,1
3620,2
3621,2
3622,7
3623,2
3624,2
3625,2
3626,3
3627,5
3628,2
3629,7
3630,3
3631,2
3632,5
3633,7
3634,3
3635,7
3636,5
3637,3
3638,7
3639,7
3640,7
3641,2
3642,2
3643,3
3644,7
3645,3
3646,7
3647,2
3648,2
3649,7
3650,7
3651,3
3652,7
3653,2
3654,3
3655,7
3656,7
3657,5
3658,2
3659,7
3660,7
3661,7
3662,5
3663,3
3664,7
3665,7
3666,2
3667,2
3668,2
3669,2
3670,7
3671,2
3672,2
3673,3
3674,2
3675,2
3676,2
3677,9
3678,7
3679,2
3680,2
3681,2
3682,2
3683,2
3684,7
3685,7
3686,7
3687,9
3688,7
3689,5
3690,5
3691,7
3692,7
3693,5
3694,9
3695,7
3696,3
3697,3
3698,7
3699,5
3700,7
3701,3
3702,7
3703,7
3704,3
3705,2
3706,2
3707,7
3708,7
3709,7
3710,2
3711,5
3712,7
3713,8
3714,3
3715,7
3716,3
3717,7
3718,7
3719,7
3720,7
3721,3
3722,2
3723,5
3724,3
3725,5
3726,9
3727,7
3728,7
3729,3
3730,2
3731,7
3732,3
3733,3
3734,7
3735,7
3736,7
3737,7
3738,5
3739,3
3740,7
3741,7
3742,7
3743,7
3744,7
3745,7
3746,5
3747,2
3748,3
3749,7
3750,7
3751,7
3752,7
3753,5
3754,7
3755,5
3756,7
3757,7
3758,7
3759,3
3760,8
3761,2
3762,3
3763,7
3764,7
3765,8
3766,7
3767,7
3768,3
3769,3
3770,3
3771,7
3772,7
3773,2
3774,7
3775,8
3776,7
3777,7
3778,3
3779,2
3780,7
3781,7
3782,3
3783,3
3784,7
3785,8
3786,7
3787,2
3788,2
3789,7
3790,7
3791,7
3792,7
3793,3
3794,7
3795,7
3796,7
3797,7
3798,3
3799,5
3800,2
3801,2
3802,7
3803,3
3804,3
3805,7
3806,5
3807,7
3808,7
3809,3
3810,8
3811,3
3812,7
3813,7
3814,7
3815,7
3816,8
3817,2
3818,8
3819,3
3820,2
3821,2
3822,2
3823,7
3824,3
3825,3
3826,8
3827,5
3828,7
3829,7
3830,7
3831,2
3832,2
3833,5
3834,7
3835,5
3836,7
3837,2
3838,7
3839,3
3840,7
3841,3
3842,7
3843,3
3844,8
3845,3
3846,7
3847,7
3848,2
3849,7
3850,2
3851,7
3852,7
3853,7
3854,3
3855,2
3856,7
3857,2
3858,7
3859,7
3860,7
3861,8
3862,7
3863,7
3864,3
3865,7
3866,7
3867,7
3868,7
3869,7
3870,7
3871,7
3872,7
3873,3
3874,2
3875,5
3876,7
3877,8
3878,7
3879,2
3880,7
3881,7
3882,7
3883,2
3884,3
3885,7
3886,3
3887,2
3888,3
3889,3
3890,3
3891,7
3892,7
3893,3
3894,7
3895,7
3896,7
3897,7
3898,2
3899,7
3900,7
3901,7
3902,7
3903,7
3904,7
3905,7
3906,2
3907,7
3908,3
3909,2
3910,3
3911,3
3912,5
3913,2
3914,3
3915,5
3916,7
3917,2
3918,7
3919,3
3920,7
3921,7
3922,3
3923,8
3924,3
3925,7
3926,3
3927,5
3928,3
3929,8
3930,2
3931,7
3932,7
3933,9
3934,9
3935,9
3936,7
3937,7
3938,8
3939,7
3940,7
3941,7
3942,2
3943,7
3944,8
3945,7
3946,3
3947,3
3948,2
3949,8
3950,7
3951,2
3952,3
3953,2
3954,3
3955,7
3956,7
3957,7
3958,3
3959,5
3960,3
3961,7
3962,2
3963,7
3964,5
3965,2
3966,2
3967,3
3968,7
3969,3
3970,3
3971,3
3972,7
3973,2
3974,5
3975,2
3976,5
3977,9
3978,2
3979,2
3980,7
3981,2
3982,7
3983,2
3984,2
3985,7
3986,7
3987,7
3988,7
3989,3
3990,7
3991,7
3992,7
3993,3
3994,7
3995,8
3996,2
3997,7
3998,7
3999,8
4000,3
4001,7
4002,2
4003,7
4004,2
4005,3
4006,3
4007,2
4008,2
4009,3
4010,2
4011,7
4012,2
4013,2
4014,7
4015,9
4016,3
4017,3
4018,7
4019,3
4020,3
4021,5
4022,3
4023,3
4024,7
4025,3
4026,7
4027,9
4028,7
4029,5
4030,8
4031,2
4032,7
4033,7
4034,3
4035,2
4036,2
4037,5
4038,7
4039,2
4040,7
4041,2
4042,2
4043,7
4044,3
4045,2
4046,5
4047,2
4048,9
4049,7
4050,2
4051,3
4052,2
4053,7
4054,2
4055,3
4056,9
4057,3
4058,5
4059,7
4060,2
4061,2
4062,9
4063,2
4064,7
4065,7
4066,7
4067,7
4068,7
4069,2
4070,7
4071,7
4072,2
4073,3
4074,1
4075,3
4076,3
4077,3
4078,2
4079,2
4080,7
4081,7
4082,7
4083,5
4084,7
4085,7
4086,3
4087,7
4088,7
4089,2
4090,7
4091,7
4092,3
4093,5
4094,7
4095,7
4096,8
4097,2
4098,8
4099,8
4100,7
4101,3
4102,8
4103,7
4104,7
4105,2
4106,3
4107,7
4108,3
4109,8
4110,2
4111,2
4112,7
4113,7
4114,5
4115,9
4116,3
4117,2
4118,7
4119,2
4120,7
4121,7
4122,7
4123,7
4124,2
4125,7
4126,2
4127,3
4128,2
4129,7
4130,9
4131,7
4132,2
4133,7
4134,2
4135,3
4136,7
4137,2
4138,7
4139,2
4140,7
4141,7
4142,7
4143,3
4144,2
4145,2
4146,7
4147,5
4148,3
4149,2
4150,8
4151,8
4152,3
4153,8
4154,3
4155,3
4156,5
4157,7
4158,7
4159,7
4160,7
4161,7
4162,2
4163,7
4164,5
4165,3
4166,7
4167,3
4168,7
4169,2
4170,7
4171,7
4172,2
4173,5
4174,2
4175,3
4176,3
4177,2
4178,7
4179,2
4180,2
4181,2
4182,7
4183,3
4184,5
4185,7
4186,7
4187,7
4188,5
4189,7
4190,5
4191,2
4192,5
4193,2
4194,7
4195,3
4196,3
4197,5
4198,3
4199,7
4200,2
4201,9
4202,3
4203,3
4204,3
4205,2
4206,2
4207,2
4208,7
4209,2
4210,8
4211,3
4212,2
4213,8
4214,7
4215,2
4216,7
4217,7
4218,7
4219,2
4220,7
4221,7
4222,2
4223,2
4224,3
4225,7
4226,5
4227,3
4228,2
4229,2
4230,7
4231,7
4232,7
4233,3
4234,7
4235,9
4236,7
4237,10
4238,3
4239,9
4240,7
4241,7
4242,2
4243,2
4244,7
4245,3
4246,5
4247,3
4248,7
4249,7
4250,2
4251,7
4252,7
4253,5
4254,2
4255,3
4256,3
4257,7
4258,7
4259,8
4260,7
4261,7
4262,3
4263,7
4264,2
4265,7
4266,7
4267,7
4268,2
4269,3
4270,3
4271,2
4272,7
4273,5
4274,5
4275,3
4276,7
4277,3
4278,2
4279,7
4280,9
4281,5
4282,9
4283,7
4284,7
4285,7
4286,2
4287,7
4288,3
4289,2
4290,2
4291,2
4292,2
4293,2
4294,7
4295,8
4296,7
4297,3
4298,3
4299,3
4300,5
4301,1
4302,2
4303,7
4304,2
4305,7
4306,3
4307,7
4308,2
4309,7
4310,2
4311,3
4312,2
4313,7
4314,8
4315,7
4316,7
4317,3
4318,7
4319,2
4320,7
4321,2
4322,2
4323,7
4324,1
4325,7
4326,7
4327,2
4328,2
4329,8
4330,2
4331,7
4332,5
4333,2
4334,7
4335,5
4336,7
4337,7
4338,7
4339,7
4340,7
4341,7
4342,7
4343,7
4344,2
4345,3
4346,2
4347,7
4348,3
4349,3
4350,2
4351,7
4352,2
4353,7
4354,3
4355,1
4356,7
4357,2
4358,3
4359,3
4360,7
4361,2
4362,2
4363,2
4364,2
4365,7
4366,3
4367,3
4368,2
4369,7
4370,7
4371,5
4372,7
4373,7
4374,7
4375,8
4376,2
4377,5
4378,5
4379,2
4380,2
4381,2
4382,2
4383,2
4384,7
4385,3
4386,7
4387,7
4388,2
4389,7
4390,3
4391,7
4392,9
4393,2
4394,7
4395,2
4396,3
4397,5
4398,2
4399,2
4400,7
4401,3
4402,8
4403,7
4404,7
4405,5
4406,7
4407,7
4408,2
4409,7
4410,5
4411,7
4412,3
4413,8
4414,3
4415,7
4416,2
4417,2
4418,7
4419,7
4420,7
4421,7
4422,5
4423,2
4424,3
4425,2
4426,3
4427,7
4428,7
4429,2
4430,3
4431,7
4432,2
4433,2
4434,2
4435,2
4436,3
4437,3
4438,3
4439,2
4440,2
4441,5
4442,7
4443,3
4444,3
4445,5
4446,5
4447,3
4448,7
4449,8
4450,2
4451,2
4452,3
4453,2
4454,7
4455,2
4456,7
4457,3
4458,2
4459,8
4460,5
4461,7
4462,7
4463,7
4464,7
4465,3
4466,1
4467,2
4468,2
4469,2
4470,9
4471,9
4472,2
4473,7
4474,2
4475,3
4476,7
4477,7
4478,7
4479,2
4480,2
4481,2
4482,2
4483,2
4484,3
4485,2
4486,3
4487,7
4488,2
4489,7
4490,7
4491,7
4492,7
4493,7
4494,7
4495,3
4496,3
4497,2
4498,3
4499,2
4500,5
4501,5
4502,7
4503,2
4504,7
4505,7
4506,3
4507,7
4508,7
4509,2
4510,2
4511,3
4512,5
4513,3
4514,3
4515,7
4516,7
4517,2
4518,5
4519,2
4520,2
4521,7
4522,2
4523,3
4524,7
4525,7
4526,2
4527,7
4528,2
4529,7
4530,3
4531,7
4532,3
4533,7
4534,7
4535,7
4536,7
4537,7
4538,7
4539,2
4540,8
4541,3
4542,5
4543,7
4544,2
4545,5
4546,3
4547,3
4548,5
4549,2
4550,3
4551,3
4552,2
4553,5
4554,2
4555,5
4556,2
4557,7
4558,8
4559,2
4560,2
4561,2
4562,2
4563,3
4564,2
4565,5
4566,2
4567,2
4568,3
4569,3
4570,3
4571,7
4572,7
4573,1
4574,7
4575,2
4576,3
4577,2
4578,2
4579,1
4580,3
4581,7
4582,7
4583,7
4584,5
4585,7
4586,9
4587,7
4588,7
4589,5
4590,3
4591,7
4592,7
4593,7
4594,5
4595,7
4596,2
4597,3
4598,3
4599,3
4600,7
4601,7
4602,7
4603,3
4604,2
4605,2
4606,3
4607,7
4608,2
4609,7
4610,7
4611,7
4612,2
4613,2
4614,3
4615,7
4616,3
4617,3
4618,3
4619,2
4620,3
4621,2
4622,7
4623,3
4624,7
4625,3
4626,7
4627,2
4628,2
4629,7
4630,5
4631,7
4632,2
4633,3
4634,7
4635,3
4636,7
4637,8
4638,2
4639,1
4640,2
4641,7
4642,7
4643,2
4644,2
4645,5
4646,2
4647,7
4648,7
4649,7
4650,3
4651,2
4652,7
4653,5
4654,8
4655,2
4656,2
4657,3
4658,7
4659,7
4660,3
4661,7
4662,3
4663,7
4664,3
4665,7
4666,5
4667,3
4668,2
4669,3
4670,2
4671,7
4672,2
4673,9
4674,3
4675,2
4676,5
4677,7
4678,3
4679,2
4680,2
4681,2
4682,3
4683,3
4684,2
4685,7
4686,2
4687,2
4688,1
4689,7
4690,5
4691,7
4692,2
4693,7
4694,2
4695,2
4696,5
4697,7
4698,8
4699,8
4700,7
4701,7
4702,7
4703,3
4704,7
4705,8
4706,5
4707,7
4708,3
4709,7
4710,2
4711,1
4712,3
4713,7
4714,2
4715,3
4716,7
4717,2
4718,7
4719,3
4720,2
4721,9
4722,5
4723,7
4724,7
4725,7
4726,3
4727,2
4728,3
4729,2
4730,2
4731,2
4732,3
4733,2
4734,3
4735,7
4736,5
4737,3
4738,3
4739,2
4740,7
4741,7
4742,2
4743,7
4744,5
4745,7
4746,7
4747,7
4748,2
4749,2
4750,7
4751,3
4752,3
4753,7
4754,5
4755,7
4756,2
4757,2
4758,5
4759,2
4760,2
4761,2
4762,3
4763,7
4764,2
4765,3
4766,3
4767,2
4768,2
4769,3
4770,3
4771,5
4772,3
4773,3
4774,3
4775,3
4776,2
4777,7
4778,3
4779,5
4780,7
4781,5
4782,7
4783,7
4784,2
4785,7
4786,7
4787,3
4788,3
4789,5
4790,2
4791,3
4792,3
4793,3
4794,7
4795,7
4796,2
4797,7
4798,3
4799,2
4800,3
4801,7
4802,7
4803,3
4804,3
4805,7
4806,7
4807,5
4808,7
4809,7
4810,7
4811,2
4812,7
4813,7
4814,3
4815,3
4816,5
4817,3
4818,7
4819,7
4820,7
4821,2
4822,7
4823,2
4824,7
4825,2
4826,8
4827,7
4828,7
4829,5
4830,7
4831,7
4832,2
4833,7
4834,7
4835,7
4836,2
4837,5
4838,7
4839,2
4840,5
4841,7
4842,7
4843,2
4844,2
4845,2
4846,3
4847,7
4848,2
4849,3
4850,3
4851,3
4852,2
4853,7
4854,7
4855,2
4856,7
4857,2
4858,2
4859,2
4860,7
4861,7
4862,7
4863,7
4864,7
4865,2
4866,5
4867,7
4868,9
4869,7
4870,7
4871,3
4872,7
4873,7
4874,5
4875,7
4876,2
4877,2
4878,2
4879,3
4880,7
4881,3
4882,2
4883,7
4884,3
4885,5
4886,2
4887,7
4888,7
4889,7
4890,2
4891,3
4892,2
4893,3
4894,7
4895,7
4896,3
4897,3
4898,3
4899,3
4900,2
4901,3
4902,7
4903,3
4904,2
4905,2
4906,3
4907,7
4908,5
4909,7
4910,7
4911,5
4912,7
4913,5
4914,3
4915,3
4916,8
4917,7
4918,7
4919,2
4920,2
4921,2
4922,7
4923,7
4924,8
4925,5
4926,2
4927,7
4928,2
4929,9
4930,7
4931,8
4932,2
4933,2
4934,7
4935,7
4936,7
4937,2
4938,1
4939,2
4940,3
4941,7
4942,2
4943,2
4944,2
4945,3
4946,7
4947,5
4948,7
4949,2
4950,3
4951,2
4952,5
4953,2
4954,3
4955,3
4956,7
4957,7
4958,1
4959,2
4960,3
4961,3
4962,7
4963,7
4964,3
4965,3
4966,2
4967,2
4968,5
4969,7
4970,9
4971,3
4972,7
4973,8
4974,7
4975,3
4976,5
4977,7
4978,2
4979,5
4980,7
4981,5
4982,2
4983,2
4984,2
4985,7
4986,7
4987,7
4988,2
4989,7
4990,3
4991,7
4992,3
4993,7
4994,7
4995,2
4996,2
4997,7
4998,7
4999,7
5000,7
5001,2
5002,2
5003,7
5004,3
5005,2
5006,3
5007,7
5008,3
5009,3
5010,7
5011,3
5012,7
5013,3
5014,7
5015,3
5016,3
5017,7
5018,7
5019,7
5020,3
5021,9
5022,5
5023,2
5024,2
5025,2
5026,3
5027,2
5028,2
5029,7
5030,3
5031,2
5032,7
5033,3
5034,7
5035,5
5036,3
5037,5
5038,7
5039,2
5040,7
5041,7
5042,7
5043,3
5044,2
5045,7
5046,2
5047,7
5048,7
5049,5
5050,3
5051,7
5052,7
5053,2
5054,3
5055,7
5056,7
5057,2
5058,2
5059,2
5060,3
5061,3
5062,3
5063,7
5064,7
5065,3
5066,2
5067,3
5068,3
5069,3
5070,7
5071,3
5072,3
5073,3
5074,3
5075,3
5076,7
5077,2
5078,2
5079,3
5080,3
5081,5
5082,3
5083,7
5084,2
5085,2
5086,2
5087,7
5088,2
5089,2
5090,7
5091,2
5092,3
5093,3
5094,2
5095,3
5096,7
5097,7
5098,3
5099,2
5100,1
5101,3
5102,3
5103,7
5104,2
5105,7
5106,3
5107,3
5108,7
5109,7
5110,7
5111,5
5112,2
5113,3
5114,2
5115,3
5116,7
5117,5
5118,7
5119,3
5120,7
5121,7
5122,7
5123,3
5124,2
5125,2
5126,7
5127,5
5128,7
5129,8
5130,3
5131,7
5132,7
5133,7
5134,7
5135,7
5136,3
5137,7
5138,7
5139,3
5140,2
5141,7
5142,7
5143,5
5144,7
5145,3
5146,7
5147,7
5148,7
5149,7
5150,3
5151,8
5152,7
5153,8
5154,3
5155,7
5156,3
5157,3
5158,7
5159,5
5160,5
5161,7
5162,7
5163,7
5164,5
5165,7
5166,5
5167,2
5168,7
5169,7
5170,7
5171,3
5172,7
5173,5
5174,3
5175,7
5176,3
5177,5
5178,7
5179,5
5180,2
5181,2
5182,3
5183,3
5184,2
5185,3
5186,2
5187,2
5188,7
5189,5
5190,5
5191,7
5192,7
5193,2
5194,2
5195,2
5196,3
5197,7
5198,3
5199,3
5200,2
5201,7
5202,3
5203,2
5204,7
5205,7
5206,3
5207,7
5208,7
5209,2
5210,5
5211,5
5212,7
5213,2
5214,7
5215,7
5216,3
5217,7
5218,3
5219,7
5220,7
5221,3
5222,2
5223,5
5224,3
5225,3
5226,5
5227,7
5228,3
5229,5
5230,3
5231,2
5232,2
5233,3
5234,7
5235,7
5236,2
5237,2
5238,7
5239,2
5240,7
5241,2
5242,5
5243,2
5244,7
5245,3
5246,2
5247,3
5248,7
5249,5
5250,7
5251,3
5252,2
5253,3
5254,2
5255,7
5256,7
5257,3
5258,2
5259,1
5260,7
5261,3
5262,7
5263,3
5264,3
5265,2
5266,2
5267,7
5268,2
5269,7
5270,7
5271,5
5272,2
5273,7
5274,3
5275,7
5276,2
5277,2
5278,7
5279,3
5280,5
5281,3
5282,7
5283,5
5284,2
5285,3
5286,2
5287,2
5288,7
5289,7
5290,2
5291,8
5292,3
5293,2
5294,2
5295,5
5296,3
5297,5
5298,7
5299,7
5300,1
5301,2
5302,2
5303,3
5304,7
5305,3
5306,2
5307,1
5308,2
5309,2
5310,7
5311,5
5312,2
5313,5
5314,3
5315,2
5316,3
5317,3
5318,7
5319,3
5320,3
5321,2
5322,7
5323,3
5324,7
5325,7
5326,7
5327,3
5328,3
5329,3
5330,5
5331,7
5332,3
5333,3
5334,7
5335,7
5336,2
5337,7
5338,7
5339,7
5340,5
5341,3
5342,7
5343,5
5344,7
5345,7
5346,9
5347,2
5348,7
5349,2
5350,2
5351,1
5352,7
5353,3
5354,3
5355,2
5356,7
5357,3
5358,7
5359,8
5360,2
5361,8
5362,7
5363,3
5364,2
5365,7
5366,5
5367,1
5368,3
5369,7
5370,2
5371,7
5372,3
5373,7
5374,2
5375,7
5376,3
5377,1
5378,2
5379,7
5380,8
5381,3
5382,7
5383,5
5384,7
5385,2
5386,3
5387,3
5388,7
5389,3
5390,7
5391,7
5392,7
5393,3
5394,2
5395,7
5396,7
5397,7
5398,3
5399,5
5400,5
5401,5
5402,3
5403,3
5404,2
5405,5
5406,2
5407,3
5408,7
5409,2
5410,2
5411,3
5412,2
5413,2
5414,3
5415,3
5416,3
5417,3
5418,8
5419,5
5420,2
5421,2
5422,5
5423,2
5424,2
5425,2
5426,7
5427,2
5428,2
5429,8
5430,2
5431,7
5432,7
5433,2
5434,2
5435,7
5436,7
5437,7
5438,3
5439,3
5440,5
5441,5
5442,2
5443,7
5444,3
5445,3
5446,7
5447,7
5448,7
5449,7
5450,3
5451,3
5452,2
5453,5
5454,2
5455,2
5456,3
5457,8
5458,5
5459,7
5460,8
5461,2
5462,3
5463,2
5464,7
5465,8
5466,5
5467,3
5468,2
5469,7
5470,3
5471,7
5472,7
5473,3
5474,3
5475,5
5476,3
5477,7
5478,3
5479,7
5480,7
5481,5
5482,2
5483,7
5484,2
5485,3
5486,3
5487,7
5488,7
5489,2
5490,43273
5491,2
5492,7
5493,7
5494,7
5495,2
5496,7
5497,9
5498,7
5499,3
5500,7
5501,5
5502,3
5503,2
5504,3
5505,2
5506,2
5507,2
5508,7
5509,3
5510,7
5511,2
5512,2
5513,7
5514,8
5515,2
5516,2
5517,2
5518,3
5519,3
5520,9
5521,3
5522,7
5523,7
5524,8
5525,7
5526,8
5527,2
5528,7
5529,3
5530,7
5531,7
5532,3
5533,3
5534,2
5535,2
5536,7
5537,3
5538,2
5539,2
5540,2
5541,2
5542,2
5543,7
5544,7
5545,7
5546,7
5547,3
5548,2
5549,3
5550,5
5551,3
5552,1
5553,2
5554,2
5555,2
5556,2
5557,2
5558,2
5559,3
5560,7
5561,7
5562,2
5563,2
5564,7
5565,2
5566,7
5567,5
5568,2
5569,3
5570,7
5571,8
5572,2
5573,3
5574,7
5575,7
5576,2
5577,3
5578,7
5579,5
5580,2
5581,7
5582,3
5583,3
5584,7
5585,3
5586,3
5587,7
5588,2
5589,7
5590,2
5591,7
5592,8
5593,7
5594,3
5595,2
5596,7
5597,2
5598,3
5599,7
5600,2
5601,2
5602,7
5603,3
5604,7
5605,2
5606,3
5607,3
5608,5
5609,3
5610,3
5611,9
5612,2
5613,3
5614,5
5615,7
5616,8
5617,7
5618,8
5619,3
5620,3
5621,2
5622,7
5623,2
5624,2
5625,8
5626,7
5627,7
5628,3
5629,5
5630,7
5631,2
5632,3
5633,3
5634,7
5635,5
5636,3
5637,7
5638,2
5639,7
5640,3
5641,7
5642,2
5643,7
5644,7
5645,3
5646,7
5647,7
5648,5
5649,7
5650,3
5651,2
5652,7
5653,7
5654,7
5655,2
5656,2
5657,2
5658,5
5659,7
5660,7
5661,7
5662,2
5663,7
5664,7
5665,8
5666,3
5667,7
5668,3
5669,7
5670,2
5671,2
5672,7
5673,2
5674,3
5675,5
5676,7
5677,7
5678,7
5679,2
5680,7
5681,3
5682,7
5683,2
5684,7
5685,7
5686,3
5687,3
5688,7
5689,7
5690,7
5691,3
5692,7
5693,7
5694,9
5695,2
5696,3
5697,7
5698,7
5699,3
5700,3
5701,3
5702,2
5703,2
5704,8
5705,7
5706,2
5707,2
5708,3
5709,2
5710,3
5711,7
5712,7
5713,7
5714,7
5715,7
5716,7
5717,7
5718,7
5719,7
5720,5
5721,7
5722,5
5723,3
5724,2
5725,7
5726,5
5727,5
5728,2
5729,7
5730,7
5731,7
5732,7
5733,2
5734,2
5735,7
5736,3
5737,7
5738,3
5739,3
5740,7
5741,7
5742,2
5743,7
5744,3
5745,9
5746,2
5747,7
5748,9
5749,7
5750,7
5751,7
5752,7
5753,3
5754,5
5755,5
5756,3
5757,3
5758,7
5759,7
5760,3
5761,8
5762,7
5763,3
5764,2
5765,7
5766,7
5767,2
5768,2
5769,3
5770,7
5771,3
5772,7
5773,2
5774,7
5775,7
5776,3
5777,7
5778,7
5779,3
5780,7
5781,8
5782,7
5783,7
5784,7
5785,5
5786,3
5787,5
5788,7
5789,5
5790,3
5791,2
5792,2
5793,3
5794,2
5795,2
5796,3
5797,5
5798,5
5799,2
5800,2
5801,3
5802,2
5803,7
5804,7
5805,3
5806,2
5807,3
5808,7
5809,5
5810,7
5811,7
5812,7
5813,2
5814,7
5815,3
5816,5
5817,7
5818,3
5819,7
5820,9
5821,2
5822,7
5823,3
5824,5
5825,7
5826,7
5827,7
5828,3
5829,2
5830,7
5831,7
5832,7
5833,2
5834,7
5835,3
5836,7
5837,7
5838,7
5839,8
5840,2
5841,7
5842,7
5843,7
5844,1
5845,2
5846,7
5847,7
5848,3
5849,7
5850,7
5851,3
5852,7
5853,7
5854,3
5855,7
5856,2
5857,7
5858,2
5859,2
5860,5
5861,2
5862,2
5863,3
5864,7
5865,7
5866,2
5867,7
5868,2
5869,2
5870,5
5871,5
5872,7
5873,2
5874,7
5875,7
5876,3
5877,3
5878,5
5879,2
5880,2
5881,2
5882,2
5883,3
5884,5
5885,2
5886,2
5887,7
5888,3
5889,9
5890,2
5891,7
5892,3
5893,7
5894,2
5895,7
5896,7
5897,7
5898,5
5899,3
5900,7
5901,2
5902,7
5903,3
5904,7
5905,7
5906,7
5907,7
5908,2
5909,5
5910,3
5911,2
5912,2
5913,3
5914,2
5915,7
5916,8
5917,7
5918,7
5919,7
5920,8
5921,10
5922,7
5923,8
5924,3
5925,7
5926,7
5927,7
5928,7
5929,7
5930,7
5931,5
5932,7
5933,7
5934,7
5935,7
5936,5
5937,7
5938,7
5939,9
5940,3
5941,7
5942,3
5943,7
5944,7
5945,3
5946,7
5947,9
5948,2
5949,7
5950,7
5951,9
5952,3
5953,3
5954,3
5955,7
5956,7
5957,2
5958,7
5959,3
5960,5
5961,2
5962,3
5963,7
5964,7
5965,2
5966,7
5967,7
5968,7
5969,2
5970,7
5971,7
5972,8
5973,7
5974,5
5975,7
5976,5
5977,7
5978,2
5979,8
5980,3
5981,7
5982,3
5983,7
5984,7
5985,2
5986,7
5987,3
5988,3
5989,7
5990,7
5991,2
5992,7
5993,3
5994,2
5995,7
5996,7
5997,7
5998,7
5999,3
6000,7
6001,7
6002,7
6003,3
6004,7
6005,5
6006,2
6007,5
6008,7
6009,7
6010,7
6011,5
6012,7
6013,7
6014,2
6015,7
6016,8
6017,7
6018,7
6019,7
6020,2
6021,3
6022,3
6023,7
6024,7
6025,7
6026,7
6027,5
6028,3
6029,7
6030,2
6031,3
6032,7
6033,7
6034,8
6035,7
6036,8
6037,3
6038,7
6039,7
6040,7
6041,7
6042,3
6043,2
6044,2
6045,2
6046,3
6047,3
6048,2
6049,3
6050,7
6051,3
6052,2
6053,3
6054,7
6055,2
6056,2
6057,2
6058,5
6059,3
6060,3
6061,2
6062,7
6063,7
6064,7
6065,9
6066,7
6067,7
6068,7
6069,10
6070,2
6071,5
6072,2
6073,5
6074,7
6075,2
6076,7
6077,2
6078,2
6079,7
6080,3
6081,7
6082,1
6083,2
6084,5
6085,3
6086,2
6087,7
6088,3
6089,7
6090,3
6091,2
6092,2
6093,3
6094,2
6095,5
6096,7
6097,2
6098,7
6099,7
6100,8
6101,2
6102,2
6103,7
6104,8
6105,5
6106,3
6107,7
6108,2
6109,7
6110,5
6111,7
6112,2
6113,9
6114,2
6115,3
6116,7
6117,7
6118,2
6119,3
6120,2
6121,5
6122,7
6123,2
6124,2
6125,7
6126,7
6127,7
6128,3
6129,2
6130,2
6131,3
6132,2
6133,5
6134,7
6135,7
6136,5
6137,2
6138,3
6139,7
6140,3
6141,3
6142,7
6143,2
6144,7
6145,7
6146,7
6147,7
6148,7
6149,1
6150,7
6151,2
6152,3
6153,3
6154,2
6155,7
6156,3
6157,2
6158,5
6159,7
6160,7
6161,3
6162,7
6163,2
6164,2
6165,3
6166,2
6167,2
6168,3
6169,3
6170,3
6171,7
6172,7
6173,7
6174,3
6175,2
6176,7
6177,5
6178,7
6179,7
6180,2
6181,3
6182,2
6183,2
6184,7
6185,2
6186,2
6187,3
6188,3
6189,5
6190,3
6191,2
6192,2
6193,2
6194,7
6195,3
6196,7
6197,3
6198,3
6199,3
6200,3
6201,2
6202,7
6203,2
6204,1
6205,7
6206,3
6207,2
6208,2
6209,2
6210,2
6211,3
6212,7
6213,8
6214,2
6215,2
6216,2
6217,7
6218,2
6219,5
6220,7
6221,7
6222,7
6223,2
6224,7
6225,2
6226,2
6227,3
6228,7
6229,7
6230,7
6231,7
6232,7
6233,5
6234,2
6235,2
6236,2
6237,3
6238,2
6239,5
6240,3
6241,2
6242,7
6243,2
6244,5
6245,3
6246,3
6247,7
6248,3
6249,8
6250,3
6251,2
6252,7
6253,7
6254,3
6255,7
6256,1
6257,7
6258,3
6259,7
6260,7
6261,2
6262,2
6263,7
6264,7
6265,3
6266,7
6267,3
6268,7
6269,5
6270,3
6271,2
6272,2
6273,2
6274,2
6275,2
6276,3
6277,7
6278,5
6279,7
6280,7
6281,8
6282,7
6283,5
6284,5
6285,3
6286,2
6287,10
6288,2
6289,2
6290,3
6291,7
6292,3
6293,3
6294,2
6295,7
6296,2
6297,2
6298,7
6299,7
6300,2
6301,5
6302,2
6303,3
6304,7
6305,2
6306,7
6307,3
6308,7
6309,9
6310,2
6311,2
6312,5
6313,7
6314,2
6315,5
6316,2
6317,5
6318,3
6319,7
6320,2
6321,2
6322,7
6323,2
6324,3
6325,5
6326,7
6327,7
6328,2
6329,3
6330,5
6331,2
6332,3
6333,3
6334,2
6335,7
6336,3
6337,7
6338,2
6339,7
6340,7
6341,3
6342,7
6343,2
6344,7
6345,7
6346,7
6347,2
6348,7
6349,3
6350,7
6351,7
6352,3
6353,2
6354,7
6355,9
6356,7
6357,7
6358,7
6359,1
6360,2
6361,2
6362,3
6363,5
6364,2
6365,2
6366,7
6367,7
6368,5
6369,7
6370,5
6371,2
6372,2
6373,2
6374,2
6375,7
6376,7
6377,1
6378,7
6379,7
6380,3
6381,3
6382,7
6383,5
6384,7
6385,7
6386,2
6387,7
6388,2
6389,2
6390,5
6391,2
6392,7
6393,7
6394,2
6395,3
6396,7
6397,2
6398,5
6399,2
6400,2
6401,7
6402,5
6403,2
6404,2
6405,1
6406,7
6407,3
6408,2
6409,5
6410,3
6411,7
6412,3
6413,7
6414,2
6415,7
6416,7
6417,3
6418,2
6419,3
6420,2
6421,2
6422,5
6423,2
6424,3
6425,7
6426,7
6427,2
6428,8
6429,5
6430,2
6431,5
6432,2
6433,7
6434,5
6435,8
6436,3
6437,7
6438,3
6439,2
6440,7
6441,2
6442,3
6443,7
6444,7
6445,8
6446,3
6447,3
6448,7
6449,5
6450,3
6451,3
6452,2
6453,2
6454,2
6455,7
6456,3
6457,3
6458,7
6459,2
6460,2
6461,3
6462,7
6463,1
6464,2
6465,7
6466,5
6467,7
6468,3
6469,7
6470,3
6471,7
6472,7
6473,2
6474,7
6475,2
6476,7
6477,7
6478,8
6479,3
6480,2
6481,3
6482,8
6483,7
6484,9
6485,7
6486,5
6487,2
6488,7
6489,7
6490,7
6491,7
6492,7
6493,7
6494,2
6495,3
6496,5
6497,7
6498,2
6499,7
6500,8
6501,7
6502,7
6503,7
6504,2
6505,5
6506,2
6507,7
6508,7
6509,7
6510,3
6511,5
6512,5
6513,7
6514,2
6515,3
6516,7
6517,2
6518,7
6519,7
6520,3
6521,5
6522,2
6523,7
6524,7
6525,2
6526,7
6527,2
6528,5
6529,2
6530,9
6531,7
6532,3
6533,5
6534,7
6535,7
6536,8
6537,2
6538,5
6539,7
6540,7
6541,7
6542,2
6543,2
6544,2
6545,2
6546,2
6547,2
6548,2
6549,5
6550,2
6551,5
6552,7
6553,2
6554,2
6555,2
6556,3
6557,7
6558,7
6559,7
6560,7
6561,7
6562,2
6563,9
6564,7
6565,7
6566,9
6567,7
6568,2
6569,2
6570,7
6571,7
6572,7
6573,7
6574,7
6575,7
6576,2
6577,7
6578,3
6579,8
6580,8
6581,8
6582,5
6583,2
6584,7
6585,3
6586,2
6587,5
6588,7
6589,3
6590,5
6591,7
6592,7
6593,2
6594,7
6595,7
6596,7
6597,7
6598,3
6599,5
6600,3
6601,7
6602,3
6603,7
6604,5
6605,5
6606,3
6607,5
6608,3
6609,7
6610,5
6611,2
6612,2
6613,5
6614,5
6615,5
6616,2
6617,2
6618,7
6619,8
6620,7
6621,7
6622,2
6623,5
6624,7
6625,2
6626,7
6627,7
6628,8
6629,3
6630,3
6631,3
6632,7
6633,2
6634,7
6635,2
6636,8
6637,8
6638,7
6639,1
6640,7
6641,7
6642,2
6643,2
6644,7
6645,7
6646,5
6647,2
6648,7
6649,3
6650,8
6651,7
6652,1
6653,1
6654,3
6655,2
6656,7
6657,8
6658,2
6659,7
6660,3
6661,5
6662,7
6663,5
6664,3
6665,3
6666,7
6667,3
6668,7
6669,5
6670,3
6671,7
6672,7
6673,3
6674,5
6675,2
6676,2
6677,8
6678,7
6679,7
6680,7
6681,3
6682,3
6683,2
6684,8
6685,5
6686,2
6687,2
6688,2
6689,3
6690,7
6691,7
6692,5
6693,2
6694,7
6695,2
6696,3
6697,3
6698,2
6699,2
6700,2
6701,7
6702,7
6703,3
6704,3
6705,7
6706,7
6707,7
6708,7
6709,7
6710,7
6711,2
6712,7
6713,7
6714,7
6715,5
6716,2
6717,5
6718,7
6719,5
6720,2
6721,2
6722,3
6723,2
6724,7
6725,7
6726,7
6727,7
6728,3
6729,7
6730,5
6731,3
6732,2
6733,2
6734,7
6735,2
6736,2
6737,7
6738,2
6739,7
6740,7
6741,3
6742,5
6743,7
6744,8
6745,2
6746,7
6747,7
6748,2
6749,3
6750,3
6751,3
6752,2
6753,5
6754,7
6755,3
6756,3
6757,7
6758,3
6759,7
6760,2
6761,3
6762,3
6763,7
6764,3
6765,7
6766,3
6767,3
6768,2
6769,9
6770,3
6771,2
6772,5
6773,2
6774,3
6775,8
6776,2
6777,8
6778,7
6779,2
6780,2
6781,2
6782,7
6783,2
6784,7
6785,2
6786,2
6787,7
6788,7
6789,7
6790,2
6791,3
6792,2
6793,7
6794,2
6795,2
6796,3
6797,7
6798,2
6799,1
6800,7
6801,7
6802,8
6803,2
6804,7
6805,3
6806,7
6807,2
6808,3
6809,3
6810,3
6811,7
6812,5
6813,2
6814,8
6815,3
6816,7
6817,3
6818,7
6819,7
6820,5
6821,7
6822,2
6823,7
6824,7
6825,8
6826,7
6827,7
6828,7
6829,7
6830,7
6831,3
6832,5
6833,3
6834,2
6835,2
6836,7
6837,5
6838,2
6839,2
6840,5
6841,3
6842,5
6843,3
6844,7
6845,2
6846,2
6847,5
6848,3
6849,2
6850,5
6851,2
6852,1
6853,7
6854,2
6855,7
6856,7
6857,7
6858,7
6859,7
6860,8
6861,7
6862,7
6863,3
6864,2
6865,8
6866,2
6867,3
6868,2
6869,3
6870,2
6871,7
6872,3
6873,3
6874,3
6875,3
6876,3
6877,7
6878,2
6879,5
6880,2
6881,7
6882,5
6883,3
6884,3
6885,2
6886,2
6887,2
6888,5
6889,5
6890,2
6891,3
6892,7
6893,9
6894,7
6895,2
6896,7
6897,3
6898,5
6899,7
6900,5
6901,7
6902,7
6903,2
6904,2
6905,2
6906,2
6907,7
6908,3
6909,7
6910,3
6911,3
6912,7
6913,2
6914,7
6915,8
6916,7
6917,7
6918,7
6919,2
6920,2
6921,2
6922,3
6923,3
6924,2
6925,2
6926,7
6927,7
6928,3
6929,7
6930,7
6931,3
6932,7
6933,7
6934,9
6935,7
6936,2
6937,3
6938,5
6939,3
6940,7
6941,2
6942,3
6943,5
6944,7
6945,5
6946,3
6947,8
6948,7
6949,5
6950,2
6951,7
6952,3
6953,3
6954,7
6955,7
6956,7
6957,2
6958,7
6959,5
6960,3
6961,2
6962,7
6963,2
6964,2
6965,7
6966,7
6967,7
6968,7
6969,3
6970,7
6971,7
6972,2
6973,5
6974,7
6975,7
6976,2
6977,2
6978,2
6979,7
6980,7
6981,7
6982,7
6983,3
6984,7
6985,7
6986,7
6987,8
6988,3
6989,3
6990,7
6991,3
6992,3
6993,3
6994,2
6995,2
6996,7
6997,7
6998,3
6999,2
7000,7
7001,7
7002,3
7003,8
7004,7
7005,7
7006,3
7007,7
7008,7
7009,7
7010,7
7011,7
7012,7
7013,3
7014,8
7015,3
7016,8
7017,7
7018,7
7019,2
7020,2
7021,5
7022,5
7023,2
7024,5
7025,7
7026,7
7027,2
7028,5
7029,2
7030,7
7031,2
7032,7
7033,2
7034,3
7035,2
7036,8
7037,8
7038,7
7039,7
7040,2
7041,5
7042,2
7043,2
7044,7
7045,8
7046,2
7047,3
7048,2
7049,5
7050,7
7051,5
7052,3
7053,8
7054,7
7055,3
7056,2
7057,5
7058,2
7059,5
7060,2
7061,7
7062,3
7063,2
7064,7
7065,7
7066,5
7067,7
7068,2
7069,2
7070,7
7071,7
7072,7
7073,8
7074,2
7075,3
7076,9
7077,3
7078,3
7079,7
7080,2
7081,3
7082,3
7083,8
7084,7
7085,5
7086,2
7087,2
7088,2
7089,5
7090,3
7091,5
7092,7
7093,3
7094,7
7095,3
7096,7
7097,7
7098,7
7099,3
7100,2
7101,2
7102,2
7103,7
7104,2
7105,2
7106,7
7107,2
7108,3
7109,7
7110,2
7111,7
7112,2
7113,3
7114,7
7115,3
7116,3
7117,7
7118,7
7119,5
7120,3
7121,3
7122,7
7123,9
7124,7
7125,3
7126,2
7127,7
7128,7
7129,3
7130,8
7131,7
7132,2
7133,2
7134,3
7135,2
7136,2
7137,7
7138,2
7139,3
7140,7
7141,7
7142,3
7143,2
7144,5
7145,2
7146,3
7147,7
7148,8
7149,2
7150,7
7151,7
7152,7
7153,3
7154,2
7155,2
7156,3
7157,3
7158,7
7159,2
7160,3
7161,5
7162,7
7163,3
7164,5
7165,2
7166,7
7167,7
7168,2
7169,8
7170,3
7171,7
7172,7
7173,3
7174,2
7175,7
7176,2
7177,7
7178,3
7179,7
7180,3
7181,3
7182,2
7183,3
7184,7
7185,2
7186,3
7187,2
7188,2
7189,7
7190,7
7191,7
7192,7
7193,3
7194,2
7195,7
7196,2
7197,3
7198,8
7199,3
7200,7
7201,2
7202,7
7203,3
7204,5
7205,3
7206,5
7207,7
7208,7
7209,7
7210,3
7211,3
7212,5
7213,5
7214,7
7215,7
7216,5
7217,3
7218,7
7219,7
7220,7
7221,2
7222,2
7223,3
7224,5
7225,2
7226,3
7227,7
7228,2
7229,3
7230,7
7231,7
7232,5
7233,2
7234,2
7235,3
7236,3
7237,3
7238,7
7239,2
7240,3
7241,7
7242,2
7243,3
7244,7
7245,7
7246,7
7247,3
7248,7
7249,2
7250,7
7251,2
7252,5
7253,2
7254,3
7255,7
7256,2
7257,2
7258,5
7259,2
7260,3
7261,2
7262,2
7263,2
7264,3
7265,3
7266,7
7267,2
7268,7
7269,3
7270,2
7271,7
7272,2
7273,3
7274,2
7275,7
7276,7
7277,2
7278,2
7279,2
7280,2
7281,3
7282,7
7283,7
7284,2
7285,2
7286,3
7287,7
7288,7
7289,3
7290,7
7291,3
7292,2
7293,3
7294,7
7295,7
7296,2
7297,7
7298,3
7299,7
7300,8
7301,2
7302,5
7303,2
7304,7
7305,7
7306,7
7307,7
7308,7
7309,7
7310,7
7311,7
7312,7
7313,2
7314,5
7315,5
7316,3
7317,3
7318,3
7319,2
7320,7
7321,7
7322,9
7323,3
7324,7
7325,5
7326,7
7327,7
7328,2
7329,8
7330,7
7331,7
7332,7
7333,7
7334,7
7335,3
7336,3
7337,7
7338,2
7339,3
7340,2
7341,5
7342,7
7343,2
7344,7
7345,3
7346,7
7347,1
7348,5
7349,2
7350,7
7351,7
7352,7
7353,7
7354,3
7355,7
7356,2
7357,7
7358,2
7359,2
7360,7
7361,2
7362,7
7363,7
7364,7
7365,7
7366,2
7367,7
7368,7
7369,2
7370,7
7371,9
7372,7
7373,7
7374,2
7375,7
7376,8
7377,2
7378,7
7379,2
7380,7
7381,2
7382,3
7383,7
7384,3
7385,2
7386,2
7387,7
7388,3
7389,7
7390,3
7391,7
7392,3
7393,7
7394,7
7395,7
7396,2
7397,7
7398,9
7399,7
7400,7
7401,7
7402,2
7403,5
7404,7
7405,7
7406,3
7407,8
7408,7
7409,5
7410,7
7411,3
7412,3
7413,3
7414,7
7415,3
7416,3
7417,7
7418,7
7419,7
7420,2
7421,3
7422,9
7423,2
7424,5
7425,5
7426,8
7427,7
7428,5
7429,3
7430,7
7431,3
7432,2
7433,5
7434,2
7435,5
7436,7
7437,3
7438,2
7439,3
7440,7
7441,3
7442,3
7443,7
7444,7
7445,7
7446,5
7447,2
7448,5
7449,2
7450,5
7451,2
7452,2
7453,7
7454,7
7455,3
7456,7
7457,2
7458,5
7459,3
7460,7
7461,7
7462,7
7463,5
7464,7
7465,3
7466,7
7467,7
7468,7
7469,7
7470,2
7471,3
7472,7
7473,7
7474,7
7475,2
7476,7
7477,2
7478,7
7479,2
7480,8
7481,7
7482,7
7483,3
7484,2
7485,7
7486,2
7487,7
7488,5
7489,2
7490,3
7491,7
7492,1
7493,7
7494,5
7495,9
7496,2
7497,7
7498,2
7499,7
7500,7
7501,8
7502,2
7503,7
7504,2
7505,2
7506,5
7507,2
7508,3
7509,7
7510,3
7511,7
7512,9
7513,2
7514,7
7515,7
7516,2
7517,3
7518,2
7519,2
7520,2
7521,2
7522,2
7523,2
7524,5
7525,7
7526,2
7527,5
7528,7
7529,3
7530,7
7531,2
7532,3
7533,7
7534,2
7535,7
7536,7
7537,2
7538,8
7539,5
7540,3
7541,7
7542,7
7543,2
7544,3
7545,7
7546,7
7547,7
7548,2
7549,3
7550,7
7551,2
7552,2
7553,2
7554,5
7555,2
7556,7
7557,7
7558,2
7559,7
7560,7
7561,2
7562,7
7563,3
7564,7
7565,5
7566,7
7567,7
7568,3
7569,2
7570,7
7571,3
7572,7
7573,7
7574,7
7575,7
7576,7
7577,7
7578,8
7579,7
7580,7
7581,7
7582,2
7583,7
7584,10
7585,8
7586,2
7587,2
7588,5
7589,2
7590,7
7591,1
7592,7
7593,1
7594,2
7595,3
7596,2
7597,5
7598,2
7599,7
7600,5
7601,2
7602,2
7603,2
7604,7
7605,2
7606,7
7607,3
7608,7
7609,5
7610,3
7611,2
7612,8
7613,7
7614,7
7615,10
7616,2
7617,2
7618,2
7619,2
7620,2
7621,7
7622,7
7623,3
7624,7
7625,7
7626,7
7627,7
7628,2
7629,8
7630,3
7631,2
7632,1
7633,7
7634,2
7635,7
7636,3
7637,7
7638,5
7639,7
7640,1
7641,3
7642,3
7643,7
7644,9
7645,3
7646,2
7647,2
7648,3
7649,2
7650,2
7651,2
7652,2
7653,2
7654,2
7655,5
7656,7
7657,7
7658,2
7659,7
7660,3
7661,7
7662,7
7663,7
7664,8
7665,7
7666,7
7667,2
7668,7
7669,2
7670,7
7671,7
7672,7
7673,2
7674,3
7675,7
7676,2
7677,3
7678,7
7679,3
7680,9
7681,7
7682,7
7683,7
7684,7
7685,7
7686,2
7687,7
7688,7
7689,2
7690,8
7691,7
7692,9
7693,2
7694,7
7695,7
7696,2
7697,7
7698,3
7699,3
7700,3
7701,7
7702,2
7703,7
7704,3
7705,3
7706,3
7707,7
7708,7
7709,2
7710,7
7711,8
7712,7
7713,3
7714,8
7715,2
7716,8
7717,7
7718,2
7719,7
7720,3
7721,2
7722,7
7723,2
7724,7
7725,3
7726,2
7727,2
7728,2
7729,2
7730,3
7731,7
7732,2
7733,2
7734,2
7735,7
7736,3
7737,7
7738,2
7739,8
7740,2
7741,3
7742,3
7743,3
7744,2
7745,7
7746,5
7747,2
7748,7
7749,2
7750,1
7751,5
7752,7
7753,3
7754,7
7755,9
7756,3
7757,7
7758,9
7759,7
7760,2
7761,7
7762,7
7763,7
7764,2
7765,2
7766,3
7767,7
7768,7
7769,7
7770,7
7771,2
7772,2
7773,7
7774,2
7775,2
7776,5
7777,3
7778,5
7779,3
7780,8
7781,5
7782,7
7783,7
7784,7
7785,2
7786,5
7787,2
7788,7
7789,7
7790,7
7791,2
7792,7
7793,2
7794,2
7795,7
7796,7
7797,5
7798,3
7799,5
7800,7
7801,5
7802,5
7803,8
7804,9
